{"chunk_definitions":[{"row":35,"row_count":1,"visible":true,"expansion_state":0,"options":{"engine":"r","label":"setup","include":false},"document_id":"1256BDDE","chunk_id":"csetup_chunk","chunk_label":"setup"},{"row":71,"row_count":1,"visible":true,"expansion_state":0,"options":{"engine":"r","echo":false,"results":"asis","label":"unnamed-chunk-3"},"document_id":"1256BDDE","chunk_id":"cqav3hk8x0bz7","chunk_label":"unnamed-chunk-3"},{"row":79,"row_count":1,"visible":true,"expansion_state":0,"options":{"engine":"r","label":"unnamed-chunk-1"},"document_id":"1256BDDE","chunk_id":"ciuqi8pya7bvr","chunk_label":"unnamed-chunk-4"},{"row":107,"row_count":1,"visible":true,"expansion_state":0,"options":{"engine":"r","echo":false,"label":"unnamed-chunk-1"},"document_id":"1256BDDE","chunk_id":"cwqpt1jgazdvs","chunk_label":"unnamed-chunk-5"},{"row":123,"row_count":1,"visible":true,"expansion_state":0,"options":{"engine":"r","echo":false,"label":"unnamed-chunk-6"},"document_id":"1256BDDE","chunk_id":"ckstk1s2td8n9","chunk_label":"unnamed-chunk-7"},{"row":141,"row_count":1,"visible":true,"expansion_state":0,"options":{"engine":"r","echo":false,"label":"unnamed-chunk-2"},"document_id":"1256BDDE","chunk_id":"cr8t1pri6ithz","chunk_label":"unnamed-chunk-9"},{"row":156,"row_count":1,"visible":true,"expansion_state":0,"options":{"engine":"r","echo":false,"fig.align":"center","fig.height":15,"fig.width":10,"label":"unnamed-chunk-1"},"document_id":"1256BDDE","chunk_id":"cia24uxxaq3ym","chunk_label":"unnamed-chunk-11"},{"row":182,"row_count":1,"visible":true,"expansion_state":0,"options":{"engine":"r","echo":false,"fig.align":"center","label":"unnamed-chunk-1"},"document_id":"1256BDDE","chunk_id":"cdkbidseh0vzx","chunk_label":"unnamed-chunk-14"},{"row":207,"row_count":1,"visible":true,"expansion_state":0,"options":{"engine":"r","echo":false,"label":"unnamed-chunk-1"},"document_id":"1256BDDE","chunk_id":"cezh1duqhs5qh","chunk_label":"unnamed-chunk-16"},{"row":218,"row_count":1,"visible":true,"expansion_state":0,"options":{"engine":"r","echo":false,"fig.align":"center","label":"unnamed-chunk-2"},"document_id":"1256BDDE","chunk_id":"ckburbolyol6v","chunk_label":"unnamed-chunk-17"},{"row":224,"row_count":1,"visible":true,"expansion_state":0,"options":{"engine":"r","echo":false,"fig.align":"center","label":"unnamed-chunk-3"},"document_id":"1256BDDE","chunk_id":"c8wqsltx3kbbh","chunk_label":"unnamed-chunk-18"},{"row":230,"row_count":1,"visible":true,"expansion_state":0,"options":{"engine":"r","echo":false,"fig.align":"center","fig.height":8,"label":"unnamed-chunk-4"},"document_id":"1256BDDE","chunk_id":"ccmq88g16g5wt","chunk_label":"unnamed-chunk-19"},{"row":268,"row_count":1,"visible":true,"expansion_state":0,"options":{"engine":"r","echo":false,"fig.align":"center","label":"unnamed-chunk-2"},"document_id":"1256BDDE","chunk_id":"c9vee00vbp3qa","chunk_label":"unnamed-chunk-20"},{"row":295,"row_count":1,"visible":true,"expansion_state":0,"options":{"engine":"r","echo":false,"fig.align":"center","label":"unnamed-chunk-1"},"document_id":"1256BDDE","chunk_id":"cqtkcizqmtme1","chunk_label":"unnamed-chunk-22"}],"doc_write_time":1669612762}